3-gram,frequency
algorithmes machine learning,19
machine learning necessitent,19
learning necessitent grandes,19
necessitent grandes quantites,19
grandes quantites donnees,19
outils visualisation comme,19
visualisation comme matplotlib,19
comme matplotlib seaborn,19
matplotlib seaborn populaires,19
seaborn populaires data,19
populaires data science,19
preparation donnees etape,19
donnees etape fondamentale,19
etape fondamentale processus,19
fondamentale processus data,19
processus data science,19
lintelligence artificielle data,19
artificielle data science,19
data science etroitement,19
science etroitement liees,19
reseaux neurones utilises,19
neurones utilises taches,19
utilises taches complexes,19
taches complexes data,19
complexes data science,19
bases donnees relationnelles,19
donnees relationnelles couramment,19
relationnelles couramment utilisees,19
couramment utilisees stocker,19
utilisees stocker donnees,19
donnees non structurees,19
non structurees peuvent,19
structurees peuvent etre,19
peuvent etre difficiles,19
etre difficiles analyser,19
difficiles analyser sans,19
analyser sans techniques,19
sans techniques avancees,19
nettoyage donnees ameliore,19
donnees ameliore qualite,19
ameliore qualite analyses,19
big data requierent,19
data requierent technologies,19
requierent technologies specifiques,19
technologies specifiques traitement,19
lanalyse temps reel,19
temps reel donnees,19
reel donnees offre,19
donnees offre avantage,19
offre avantage concurrentiel,19
data science essentielle,1
science essentielle lanalyse,1
essentielle lanalyse tendances,1
lanalyse donnees permet,1
donnees permet prendre,1
permet prendre decisions,1
prendre decisions eclairees,1
modeles predictifs cur,1
predictifs cur data,1
cur data science,1
python largement utilise,1
largement utilise lanalyse,1
utilise lanalyse donnees,1
donnees structurees facilitent,1
structurees facilitent lextraction,1
facilitent lextraction dinformations,1
lapprentissage automatique branche,1
automatique branche data,1
branche data science,1
visualisations donnees aident,1
donnees aident comprendre,1
aident comprendre resultats,1
qualite donnees cruciale,1
donnees cruciale analyses,1
cruciale analyses precises,1
statistiques descriptives resument,1
descriptives resument caracteristiques,1
resument caracteristiques donnees,1
manipulation donnees competence,1
donnees competence cle,1
competence cle data,1
cle data science,1
